Label,Brand,Name,Price,Rank,Ingredients,Combination,Dry,Normal,Oily,Sensitive
,Minimalist,to be verified by me,to be verified by me,,to be verified by me,,,,,
,Cetaphil,to be verified by me,to be verified by me,,to be verified by me,,,,,
,Neutrogena,to be verified by me,to be verified by me,,to be verified by me,,,,,
,Dot & Key,to be verified by me,to be verified by me,,to be verified by me,,,,,
,Plum,to be verified by me,to be verified by me,,to be verified by me,,,,,
,The Derma Co,to be verified by me,to be verified by me,,to be verified by me,,,,,
,Mamaearth,to be verified by me,to be verified by me,,to be verified by me,,,,,
,Foxtale,to be verified by me,to be verified by me,,to be verified by me,,,,,
,Pilgrim,to be verified by me,to be verified by me,,to be verified by me,,,,,
,Dr. Sheth’s,to be verified by me,to be verified by me,,to be verified by me,,,,,
,Re’equil,to be verified by me,to be verified by me,,to be verified by me,,,,,
,Aqualogica,to be verified by me,to be verified by me,,to be verified by me,,,,,
,Simple,to be verified by me,to be verified by me,,to be verified by me,,,,,
,Bioderma,to be verified by me,to be verified by me,,to be verified by me,,,,,
,The Ordinary,to be verified by me,to be verified by me,,to be verified by me,,,,,
,Minimalist,to be verified by me,to be verified by me,,to be verified by me,,,,,
,Cetaphil,to be verified by me,to be verified by me,,to be verified by me,,,,,
,Neutrogena,to be verified by me,to be verified by me,,to be verified by me,,,,,
,Dot & Key,to be verified by me,to be verified by me,,to be verified by me,,,,,
,Plum,to be verified by me,to be verified by me,,to be verified by me,,,,,
,The Derma Co,to be verified by me,to be verified by me,,to be verified by me,,,,,
,Mamaearth,to be verified by me,to be verified by me,,to be verified by me,,,,,
,Foxtale,to be verified by me,to be verified by me,,to be verified by me,,,,,
,Pilgrim,to be verified by me,to be verified by me,,to be verified by me,,,,,
,Dr. Sheth’s,to be verified by me,to be verified by me,,to be verified by me,,,,,
,Re’equil,to be verified by me,to be verified by me,,to be verified by me,,,,,
,Aqualogica,to be verified by me,to be verified by me,,to be verified by me,,,,,
,Simple,to be verified by me,to be verified by me,,to be verified by me,,,,,
,Bioderma,to be verified by me,to be verified by me,,to be verified by me,,,,,
,The Ordinary,to be verified by me,to be verified by me,,to be verified by me,,,,,
,Minimalist,to be verified by me,to be verified by me,,to be verified by me,,,,,
,Cetaphil,to be verified by me,to be verified by me,,to be verified by me,,,,,
,Neutrogena,to be verified by me,to be verified by me,,to be verified by me,,,,,
,Dot & Key,to be verified by me,to be verified by me,,to be verified by me,,,,,
,Plum,to be verified by me,to be verified by me,,to be verified by me,,,,,
,The Derma Co,to be verified by me,to be verified by me,,to be verified by me,,,,,
,Mamaearth,to be verified by me,to be verified by me,,to be verified by me,,,,,
,Foxtale,to be verified by me,to be verified by me,,to be verified by me,,,,,
,Pilgrim,to be verified by me,to be verified by me,,to be verified by me,,,,,
,Dr. Sheth’s,to be verified by me,to be verified by me,,to be verified by me,,,,,
,Re’equil,to be verified by me,to be verified by me,,to be verified by me,,,,,
,Aqualogica,to be verified by me,to be verified by me,,to be verified by me,,,,,
,Simple,to be verified by me,to be verified by me,,to be verified by me,,,,,
,Bioderma,to be verified by me,to be verified by me,,to be verified by me,,,,,
,The Ordinary,to be verified by me,to be verified by me,,to be verified by me,,,,,
,Minimalist,to be verified by me,to be verified by me,,to be verified by me,,,,,
,Cetaphil,to be verified by me,to be verified by me,,to be verified by me,,,,,
,Neutrogena,to be verified by me,to be verified by me,,to be verified by me,,,,,
,Dot & Key,to be verified by me,to be verified by me,,to be verified by me,,,,,
,Plum,to be verified by me,to be verified by me,,to be verified by me,,,,,
,The Derma Co,to be verified by me,to be verified by me,,to be verified by me,,,,,
,Mamaearth,to be verified by me,to be verified by me,,to be verified by me,,,,,
,Foxtale,to be verified by me,to be verified by me,,to be verified by me,,,,,
,Pilgrim,to be verified by me,to be verified by me,,to be verified by me,,,,,
,Dr. Sheth’s,to be verified by me,to be verified by me,,to be verified by me,,,,,
,Re’equil,to be verified by me,to be verified by me,,to be verified by me,,,,,
,Aqualogica,to be verified by me,to be verified by me,,to be verified by me,,,,,
,Simple,to be verified by me,to be verified by me,,to be verified by me,,,,,
,Bioderma,to be verified by me,to be verified by me,,to be verified by me,,,,,
,The Ordinary,to be verified by me,to be verified by me,,to be verified by me,,,,,
