ingredient,concern,interactions_to_avoid,notes,source_note
Glycerin,Dryness / dehydration,,Humectant that helps attract and retain water in the outer skin.,AAD isotretinoin skin-care guidance: https://www.aad.org/public/diseases/acne/derm-treat/isotretinoin/side-effects; CosIng ingredient function reference: https://ec.europa.eu/growth/tools-databases/cosing/
Hyaluronic Acid,Dryness / dehydration,,Humectant used for hydration; product-level effect depends on formula.,AAD isotretinoin skin-care guidance: https://www.aad.org/public/diseases/acne/derm-treat/isotretinoin/side-effects; CosIng ingredient function reference: https://ec.europa.eu/growth/tools-databases/cosing/
Ceramides,Dryness / barrier support,,Skin-conditioning lipids commonly used in moisturizers.,AAD isotretinoin skin-care guidance: https://www.aad.org/public/diseases/acne/derm-treat/isotretinoin/side-effects; CosIng ingredient function reference: https://ec.europa.eu/growth/tools-databases/cosing/
Salicylic Acid,Acne / clogged pores,Combine cautiously with other exfoliating acids or retinoids if irritation occurs.,BHA exfoliant; introduce cautiously and follow product directions.,AAD acne treatment guidance: https://www.aad.org/public/diseases/acne/derm-treat/treat
Niacinamide,Oiliness / acne,,Common cosmetic ingredient; individual tolerance varies.,AAD mask ingredient guidance: https://www.aad.org/public/everyday-care/skin-care-secrets/routine/facial-masks-and-skin-care; CosIng ingredient function reference: https://ec.europa.eu/growth/tools-databases/cosing/
Retinol,Fine lines / acne,Use caution when combining with AHA/BHA or benzoyl peroxide; irritation risk can increase.,May irritate; avoid during isotretinoin treatment unless clinician directs.,AAD acne treatment guidance: https://www.aad.org/public/diseases/acne/derm-treat/treat; AAD isotretinoin guidance: https://www.aad.org/public/diseases/acne/derm-treat/isotretinoin/side-effects
Glycolic Acid,Dullness / uneven texture,Use cautiously with retinoids or other exfoliating acids to limit irritation.,AHA exfoliant; start gradually and use sunscreen.,AAD facial mask guidance: https://www.aad.org/public/everyday-care/skin-care-secrets/routine/facial-masks-and-skin-care
Lactic Acid,Dullness / dryness,Use cautiously with retinoids or other exfoliating acids to limit irritation.,AHA exfoliant; tolerance depends on concentration and formula.,AAD facial mask guidance: https://www.aad.org/public/everyday-care/skin-care-secrets/routine/facial-masks-and-skin-care
Azelaic Acid,Acne / post-acne dark spots,,May be used for acne and associated dark spots; suitability varies by person.,AAD acne treatment guidance: https://www.aad.org/public/diseases/acne/derm-treat/treat
Colloidal Oatmeal,Redness / sensitivity,,Soothing ingredient used in products for dry or sensitive skin.,AAD facial mask guidance: https://www.aad.org/public/everyday-care/skin-care-secrets/routine/facial-masks-and-skin-care
Vitamin C,Dullness / dark spots,Use cautiously with irritating actives if skin is reactive.,Can irritate some sensitive skin; stop use if a reaction occurs.,AAD isotretinoin guidance: https://www.aad.org/public/diseases/acne/derm-treat/isotretinoin/side-effects
Panthenol,Dryness / barrier support,,Skin-conditioning ingredient; formula and tolerance vary.,CosIng ingredient function reference: https://ec.europa.eu/growth/tools-databases/cosing/
